4-grain flakes,g
5-grain flakes,g
7-grain bread,loaf
7-grain flakes,tbsp
8-grain bread mix,g
acacia honey,g
adjika,g
adyghe cheese,g
agar-agar,g
agave syrup,ml
agram,g
alchermes liqueur,ml
alcohol,ml
ale,ml
allspice,g
allspice berries,g
almejas clams,g
almond cookies,g
almond essence,g
almond extract,ml
almond flakes,g
almond flour,g
almond liqueur,ml
almond milk,ml
almond oil,g
almond paste,g
almond paste filling,g
almond praline,g
almond syrup,ml
almonds,g
alubukhara plums,pcs
amaranth flour,g
amaretti cookies,g
amaretto liqueur,ml
anchovies,g
anchovy-stuffed olives,g
anise,g
anise liqueur,ml
anise seeds,g
anise vodka,ml
antonovka apples,g
apple butter,g
apple chips,g
apple cider vinegar,ml
apple essence,g
apple jam,g
apple juice,ml
apple preserves,g
apple sauce,g
apple syrup,ml
apples,g
applesauce,g
apricot jam,g
apricot juice,ml
apricot preserves,g
apricot puree,g
apricots,g
arabic flatbreads,pcs
arborio rice,g
argan oil,g
armenian lavash,g
aromatic herbs,g
artichokes,g
artichokes in oil,g
arugula,g
ash noodles,g
asparagus,g
aspirin,pcs
assorted berries,g
assorted fruit,g
assorted meats,g
assorted vegetables,g
atlantic salmon,g
atlantic salmon steak,g
austrian blue cheese,g
avocado,g
avocado oil,ml
ayran,g
baby cereal,g
baby corn,g
baby food,g
baby spinach,g
bacon,g
bagel rings,g
baguette,g
baileys liqueur,ml
baked milk,ml
baked potatoes,g
baking powder,g
baking soda,g
balsam,g
balsamic cream,g
balsamic sauce,ml
balsamic vinegar,ml
baltic herring,g
balyk,g
banana chips,g
banana liqueur,ml
banana puree,g
bananas,g
barbecue ketchup,g
barbecue sauce,g
barberry,g
barley,g
barley flakes,g
barley flour,g
barley grits,g
basmati rice,g
basturma,g
bavette,g
bay leaf,g
bean sprouts,g
beans,g
bee pollen,g
beef,g
beef brisket,g
beef casings,g
beef chuck,g
beef heart,g
beef liver,g
beef lungs,g
beef marrow bone,pcs
beef neck,g
beef neck chuck,g
beef ribs,g
beef shanks,g
beef steaks,g
beef tenderloin,pcs
beef tongue,g
beefsteak,pcs
beer,ml
beet leaves,g
beet tops,g
beetroot,g
beets,g
bell pepper,g
beluga whitefish,g
bergenia,g
berries,g
berry jelly,g
berry juice,ml
berry preserves,g
berry syrup,ml
bilberries,g
bilberry jam,g
bird cherry,g
bird cherry flour,g
birnel pear syrup,ml
bisquick mix,g
bittersweet dark chocolate,g
black bean sauce,g
black caviar,g
black chokeberry,g
black coffee,ml
black food coloring,g
black grapes,g
black olives,g
black olives (whole),g
black pepper,g
black peppercorns,g
black radish,g
black sesame,g
black tea,g
black truffle,g
black-eyed peas,g
blackberries,g
blackcurrant jam,g
blackcurrant preserves,g
blackcurrants,g
blackstrap molasses,g
blanched almonds,g
blood,ml
blood orange juice,ml
blood oranges,pcs
blood sausage,g
blue cheese,g
blue grapes,g
blueberries,g
boiled beets,g
boiled carrots,g
boiled chestnuts,g
boiled chicken,g
boiled chicken breasts,g
boiled condensed milk,g
boiled egg yolks,pcs
boiled lentils,g
boiled pork,g
boiled potatoes,g
boiled red beans,g
boiled rice,g
boiled squid,g
boiled trout,g
boiled veal,g
boiled yardlong beans,g
boiling water,ml
bone-in beef,g
bone-in lamb chops,g
bone-in leg of lamb,g
bone-in meat,g
bone-in pork chops,g
bone-in pork cutlets,pcs
bone-in pork loin,g
bone-in veal chops,pcs
boneless beef,g
boneless leg of lamb,g
boneless pork,g
bones,g
borodinsky rye bread,g
bottarga,g
bouillon cubes,g
bouquet garni,g
bourbon,ml
bow-tie pasta,g
bran,g
bran flour,g
brandy,g
brazil nuts,g
bread,g
bread crumbs,g
bread flour,g
bread kvass,g
breadcrumbs,g
breakfast cereal,g
breakfast cereal pillows,g
bresaola,g
brie,g
brine,ml
brioche buns,pcs
broad beans,g
broth,ml
brown and wild rice mix,g
brown rice,g
brown sugar,g
brown tomatoes,g
brussels sprouts,g
brynza cheese,g
bucatini,g
buckwheat flakes,g
buckwheat flour,g
buckwheat groats,g
buckwheat honey,g
buckwheat milk,ml
buko cheese,g
bulgur,g
bun,g
burrata,g
butter,g
butter margarine,g
buttermilk,g
button mushrooms,g
buzhenina pork,g
cajun spice mix,g
cake jelly,g
cake mix,g
calcium chloride,g
calvados,g
camembert,g
campari,ml
candied cherries,pcs
candied citron,g
candied citrus peel,g
candied fruit,g
candied ginger,g
candied lemon,g
candied lemon peel,g
candied orange peel,g
candied tangerine peel,g
candied violets,g
candies,g
cane sugar,g
canned apricots,g
canned beans,g
canned button mushrooms,g
canned chestnuts,g
canned chickpeas,g
canned corn,g
canned cucumbers,g
canned fish,g
canned fish (tinned),g
canned fruit,g
canned green olives,jar
canned green peas,g
canned mango,g
canned octopus,g
canned olives,g
canned papaya in its own juice,g
canned peach syrup,ml
canned peaches,g
canned pear syrup,ml
canned pineapple,g
canned pitted sweet cherries,g
canned red beans,g
canned saury,g
canned squid,g
canned stewed meat,g
canned straw mushrooms,g
canned string beans,g
canned tomatoes,g
canned tomatoes in their own juice,g
canned tomatoes in their own juice with basil,g
canned tuna,g
canned white beans,g
cannelloni,g
capelin,g
capelin roe,g
capellini,g
caper brine,ml
capers,g
capers in wine vinegar,g
cappuccino,g
carambola,g
caramel,g
caramel pudding,g
caramel sauce,g
caraway,g
cardamom,g
cardamom pods,g
cardamom seeds,g
carnaroli rice,g
carob,g
carp,g
carp fillet,g
carrot puree,g
carrots,g
cashews,g
casings,g
catfish fillet,g
caul fat,g
cauliflower,g
caviar,g
cayenne pepper,g
celery,g
celery leaves,g
celery root,g
celery salt,g
celery seeds,g
celery stalks,g
cereal flakes,g
champagne,g
chanterelles,g
char fillet,g
chechil string cheese,g
cheddar,g
cheese,g
cherries,g
cherries mashed with sugar,g
cherry flavoring,drop
cherry food coloring,g
cherry jam,g
cherry juice,ml
cherry leaves,g
cherry liqueur,ml
cherry plum,g
cherry preserves,g
cherry syrup,ml
cherry tincture,ml
cherry tomatoes,g
chestnut cream,g
chestnut flour,g
chestnuts,g
chewy licorice candies,g
chia seeds,g
chicken,g
chicken bones,g
chicken breasts,g
chicken broth,ml
chicken carpaccio,g
chicken drumsticks,g
chicken eggs,pcs
chicken fillet,g
chicken giblets,g
chicken gizzards,g
chicken ham,g
chicken hearts,g
chicken hot dogs,g
chicken legs,g
chicken liver,g
chicken pate,g
chicken seasoning,g
chicken skin,g
chicken soup set,g
chicken thighs,g
chicken wings,g
chickpea flour,g
chickpeas,g
chicory,g
chili flakes,g
chili pepper,g
chili sauce,g
chinese lettuce,g
chinese-style vegetable mix,g
chips,g
chive greens,g
chives,g
chocolate,g
chocolate bars,g
chocolate butter,g
chocolate candies,g
chocolate cereal balls,g
chocolate chips,g
chocolate cookies,g
chocolate flakes,g
chocolate fondant,g
chocolate hazelnut spread,g
chocolate ice cream,g
chocolate liqueur,ml
chocolate pearls,g
chocolate processed cheese,g
chocolate sauce,g
chocolate shavings,g
chocolate sponge cake,g
chocolate spread,g
chocolate syrup,ml
chocolate transfer sheet,pcs
chocolate waffles,g
chocolate with nuts,g
chocolate-covered coffee beans,g
chopped almonds,g
chopped herbs,g
chopped lamb shank,g
chopped parsley,g
chopped pistachios,g
chopped walnuts,g
chorizo,g
chum salmon,g
ciabatta,g
cider,ml
cider vinegar,ml
cinnamon,g
cinnamon sugar cubes,g
citric acid,ml
citrus mustard,g
clarified grape juice,ml
cleaned cuttlefish,g
clementines,g
cloudberries,g
cloves,g
coarse brown sugar,g
coarse flour,g
coarse granulated sugar,g
coarse salt,g
coca-cola,ml
cocktail cherries,g
cocoa,g
cocoa beans,g
cocoa butter,g
cocoa powder,g
coconut cream,ml
coconut extract,ml
coconut flour,g
coconut liqueur,ml
coconut milk,ml
coconut oil,ml
coconut water,ml
coconuts,g
cod,g
cod fillet,g
cod liver,g
coffee beans,g
coffee drink,ml
coffee extract,ml
coffee liqueur,ml
coffee syrup,ml
cognac,ml
coho salmon,g
cointreau liqueur,ml
cola,ml
cold-smoked mackerel,g
cold-smoked salmon,g
cold-smoked sturgeon,g
cold-smoked trout,g
colored shredded coconut,g
compote,g
conchiglie,g
conchiglie rigate,g
condensed cocoa,g
condensed milk,g
condensed milk with cocoa,g
confiture,g
cooked ham,g
cooked sausage,g
cooked smoked bacon,g
cooked smoked cervelat,g
cooked smoked gammon,g
cooked smoked ham,g
cooked smoked pork belly,g
cooked smoked pork hock,g
cooked smoked pork shoulder,g
cooked smoked sausage,g
cookies,g
cooking fat,g
coriander,g
coriander leaves,g
coriander seeds,g
corn,g
corn chips,g
corn flakes,g
corn flour,g
corn grits,g
corn oil,g
corn puffs,g
corn salad,g
corn starch,g
corn tortillas,pcs
cornelian cherries,g
cornish hens,pcs
cottage cheese,g
couscous,g
crab meat,g
crab sticks,g
crabs,g
crackers,g
crackers (plain),g
cranberries,g
cranberries mashed with sugar,g
cranberry jam,g
cranberry juice drink,ml
cranberry preserves,g
cranberry sauce,g
cranberry syrup,ml
crayfish,g
crayfish tails,g
crayfish tails in brine,g
cream,ml
cream 10-20%,ml
cream 15%,ml
cream 20%,ml
cream 33-35%,ml
cream cheese,g
cream liqueur,ml
cream of tartar,g
cream thickener,g
creamy liqueur,ml
creme fraiche,g
creole seasoning,g
croissants,pcs
croutons,g
crucian carp,g
crumbly cookies,g
crystallized ginger,g
cucumber brine,ml
cucumbers,g
cumin,g
cumin seeds,g
curd cheese,g
curd paste,g
curly lettuce,g
currant leaves,g
currants,g
curry,g
curry leaves,g
curry paste,g
custard,g
custard powder,g
cuttlefish,g
cuttlefish ink,g
daikon,g
dairy products,g
dandelions,g
danish rye bread,g
darjeeling tea,g
dark beer,ml
dark chocolate 70%,g
dark chocolate 75%,tsp
dark chocolate 85%,g
dark chocolate with orange zest,g
dark glaze,g
dark malt,g
dark raisins,g
dark rum,ml
dates,g
day-old baguette,g
day-old buns,pcs
demerara sugar,g
dessert wine,ml
devzira rice,g
dijon mustard,g
dill,g
dill seeds,g
ditaloni,g
dolma,g
dorado,g
dorado with head,g
dorblu cheese,g
dragee candies,g
dragon fruit,g
dried apples,g
dried apricots,g
dried apricots with pits,g
dried barberry,tbsp
dried basil,g
dried berries,g
dried celery root,g
dried chamomile,g
dried chanterelles,g
dried cherries,g
dried chili pepper,g
dried cilantro,g
dried cranberries,g
dried currants,g
dried dill,g
dried figs,g
dried fish roe,g
dried fruit,g
dried garlic,g
dried herbs,g
dried lavender,pinch
dried lingonberries,g
dried marjoram,g
dried mint,g
dried morels,g
dried mulberries,g
dried mushrooms,g
dried onions,g
dried oregano,g
dried parsley,g
dried peaches,handful
dried pears,g
dried pineapple,g
dried porcini mushrooms,g
dried prunes,g
dried raspberries,g
dried rose buds,g
dried rosemary,g
dried sage,g
dried sea kale,g
dried shiitake mushrooms,g
dried shrimp,g
dried strawberries,g
dried sweet pepper,g
dried tarragon,g
dried thyme,g
dried tomato flakes,g
dried wild thyme,g
dry biscuits,g
dry champagne,ml
dry kissel mix,g
dry kvass concentrate,g
dry mustard,g
dry red wine,ml
dry sparkling wine,ml
dry vermouth,ml
dry white bread,g
dry white wine,ml
dry yeast,g
dry-cured bacon,g
dry-cured ham,g
dry-cured sausage,g
dry-cured sausages,g
duck,g
duck breast,g
duck fillet,g
duck legs,g
duck liver,g
duck thighs,g
dumpling dough,g
dutch cheese,g
dziugas cheese,g
earl grey tea,g
early tkemali sauce,g
edam,g
eel,g
egg noodle nests,g
egg powder,g
egg vermicelli,g
egg whites,g
egg yolks,g
eggnog,g
eggplants,g
elderflower syrup,ml
emmental,g
escalope,g
escargot,g
espresso,ml
european sea bass,g
evaporated milk,ml
exotic sauce,g
extra virgin olive oil,g
farfalle,g
farmer cheese,g
fat,g
fat-free cocoa powder,g
fat-free kefir,ml
fat-free tvorog,g
fat-free yogurt,g
fat-tail fat,g
fat-tail lard,g
fatback,g
fatty pork,g
feijoa,g
fennel,g
fennel seeds,g
fenugreek,g
fenugreek seeds,g
fern,g
festonate,g
feta,g
fetaki,g
fetaxa,g
fettuccine,g
figs,g
filled caramels,g
fine granulated sugar,g
fine tkemali sauce,g
first-grade flour,g
fish,g
fish bones,g
fish broth,g
fish fillet,g
fish salt,g
fish sauce,g
fish seasoning,g
"fish trimmings, heads and fins",g
five spice powder,tsp
flatbreads,g
flavoring,g
flax seeds,g
flaxseed,g
flaxseed flour,g
flaxseed oil,ml
flounder,g
flounder fillet,g
flour,g
flour with seeds,g
flying fish roe,g
focaccia,g
fondant,g
fontina,g
food coloring,g
fortified wine,ml
four pepper blend,g
frankfurters,g
french mustard,g
fresh atlantic salmon,g
fresh basil,g
fresh bay leaves,pcs
fresh broccoli,g
fresh button mushrooms,g
fresh cilantro,g
fresh cucumbers,g
fresh dill,g
fresh figs,g
fresh lake trout,g
fresh lingonberries,g
fresh mackerel,g
fresh marjoram,g
fresh mushrooms,g
fresh oregano,g
fresh pork sausage (salsiccia),g
fresh sage,g
fresh salmon,g
fresh salmon fillet,g
fresh salted salmon,g
fresh snow peas,g
fresh sorrel,g
fresh spinach,g
fresh sprats,g
fresh thyme,g
fresh yeast,g
freshly brewed coffee,ml
freshly ground black pepper,g
freshly ground mixed pepper,g
freshly ground white pepper,tsp
freshly squeezed citrus juice,ml
freshly squeezed orange juice,ml
freshly squeezed pomegranate juice,ml
frisee,g
frosted corn flakes,g
frozen berries,g
frozen bilberries,g
frozen blackberries,g
frozen blueberries,g
frozen broccoli,g
frozen brussels sprouts,g
frozen button mushrooms,g
frozen cauliflower,g
frozen cherries,g
frozen corn,g
frozen cranberries,g
frozen green peas,g
frozen hash browns,g
frozen honey mushrooms,g
frozen lingonberries,g
frozen mushrooms,g
frozen mushrooms (honey and slippery jack),g
frozen mussels,g
frozen plums,g
frozen porcini mushrooms,g
frozen raspberries,g
frozen sea buckthorn,g
frozen sea kale,g
frozen seafood mix,g
frozen shrimp,g
frozen sorrel,g
frozen spinach,g
frozen squid,g
frozen strawberries,g
frozen string beans,g
frozen vegetable mix,g
frozen wild berries,g
frozen wild strawberries,g
frozen wok vegetable mix,g
frozen young beans,g
frozen zucchini,g
fructose,g
fruit,g
fruit butter,g
fruit jellies,g
fruit juice,ml
fruit spread,g
fruit syrup,ml
fruit yogurt,g
frying chicken,g
frying oil,ml
frying sausages,g
full-fat sour cream,g
full-fat tvorog,g
full-fat yogurt,g
funchoza noodles,g
fusilli,g
gala apples,g
galangal root,g
gammon,g
ganache,g
garam masala,g
garlic,g
garlic chives,g
garlic oil,ml
garlic powder,g
garlic salt,g
garlic wine vinegar,ml
gazpacho,g
gel food coloring,g
gelatin,g
gelatin fondant,g
gelling agent,g
gelling sugar,g
geranium leaves,g
ghee,g
gherkins,g
gigli,g
gin,ml
ginger,g
ginger beer,ml
ginger preserves,g
ginger root,g
gingerbread,g
gingerbread cookies,g
gingerbread dough,g
gingerbread spice,g
ginseng,g
glass noodles,g
glaze,g
glazed curd snacks,g
glucose,g
glucose syrup,ml
gluten,g
goat liver,g
goat milk,ml
goat yogurt,g
goji berries,g
gold candurin dust,tsp
golden corn syrup,ml
golden delicious apples,g
golden long grain rice,g
golden raisins,g
golden rice,g
goose,g
goose fat,tbsp
goose liver,g
gooseberries,g
gooseberry preserves,g
gorgonzola,g
gorgonzola piccante,g
gouda,g
goya cheese,g
grana padano,g
granita,g
granny smith apples,g
granola with nuts,g
granular cottage cheese,g
granulated sugar,g
grape jelly,g
grape juice,ml
grape leaves,g
grape pastila,g
grape seed oil,ml
grapefruit juice,g
grapefruit zest,g
grapefruits,g
grapes,g
grappa,g
grated carrots,g
grated horseradish,g
gratin,g
graviera cheese,g
greek yogurt,g
green adjika,g
green apples,g
green asparagus,g
green banana syrup,ml
green bell pepper,g
green buckwheat,g
green chili pepper,g
green coffee,g
green food coloring,g
green hot pepper,g
green lentils,g
green marzipan,g
green olives,g
green olives (whole),g
green onions,g
green peas,g
green radish,g
green spelt,g
green string beans,g
green sweet pepper,g
green tea,g
green tomatoes,g
grenadine,g
grey mullet,g
grill,g
grissini,g
ground allspice,g
ground almonds,g
ground barberry,g
ground beef,g
ground black pepper,g
ground caraway,g
ground cardamom,g
ground cayenne pepper,g
ground chicken,g
ground chili pepper,g
ground chipotle,g
ground cinnamon,g
ground cloves,g
ground coffee,g
ground coriander,g
ground elder,g
ground fennel seeds,g
ground fish,g
ground flaxseed,g
ground ginger,g
ground hot pepper,g
ground lamb,g
ground lamb (young),g
ground lamb and beef,g
ground meat,g
ground nutmeg,g
ground peperoncino,g
ground poppy seeds,g
ground pork,g
ground pork and chicken,g
ground quinoa,g
ground red paprika,g
ground red pepper,g
ground red sweet pepper,g
ground rusks,g
ground saffron,tsp
ground salmon,g
ground spicy red pepper,g
ground turkey,g
ground veal,g
ground white pepper,g
gruyere,g
guanciale,g
guava,g
guryev porridge,g
gutted dorado with head,g
haddock,pcs
hake,g
hake fillet,g
halibut,g
halibut fillet,g
halibut roe,g
halloumi,g
halva,g
ham,g
hamburger,g
hamburger buns,pcs
hard cheese,g
hard goat cheese,g
hard ricotta,g
hardtack biscuits,pcs
hare meat,g
harissa paste,g
havarti,g
hazel grouse,g
hazelnut flour,g
hazelnuts,g
hazelnuts (filberts),g
head lettuce,g
heavy cream,ml
hemp oil,ml
hemp seeds,g
herbes de provence,g
herbs,g
herring,g
herring fillet,g
hibiscus tea,g
himalayan salt,g
homemade mayonnaise,g
homemade sausages,g
homemade yeast,g
honey,g
honey dijon mustard,g
honey mushrooms,g
honeysuckle berries,g
hops,g
horse mackerel,g
horseradish,g
horseradish with cream,g
hot dogs,g
hot mustard,g
hot pepper,g
hot red pepper,g
hot red sauce,g
hot sauce,g
hot smoked paprika,g
hot-smoked coho salmon fillet,g
hot-smoked salmon,g
hot-smoked smelt,g
hot-smoked trout,g
hunter's sausages,g
ice,g
ice cream,g
iceberg lettuce,g
icing,g
imeretian cheese,g
imeretian saffron,g
indica rice,g
instant coffee,g
instant polenta,g
instant vanilla pudding,g
iranian dates,g
isabella grapes,g
italian herbs,g
italian parsley,g
italian salami,g
italian tomato sauce,g
italica rice,g
jalapeno pepper,g
jam,g
jamaican pepper,g
jamon,g
japonica rice,g
jasmine rice,g
jasmine tea,g
jelly,g
jerusalem artichoke,g
jerusalem artichoke syrup,ml
john dory fillet,g
juice,ml
juniper berries,g
kaffir lime leaves,g
kahlua coffee liqueur,ml
kalamata olives,g
kale,g
kataifi dough,g
katyk,g
kefalotyri cheese,g
kefir,ml
kefir 1%,ml
kefir 2.5%,ml
kefir 3.2%,ml
kenyan beans,g
khmeli suneli,g
kidneys,g
kimchi,g
king prawns,g
kirsch,g
kissel,g
kiwano,g
kiwi,g
kiwi jelly,g
kohlrabi,g
korean-style carrots,g
krasnodar tomato sauce,g
krill meat,g
kuban rice,g
kumquats,g
kupaty sausages,pcs
kvass,g
kvass wort,g
ladyfinger cookies,g
lager,ml
lagman noodles,g
lamb,g
lamb (young),g
lamb entrecotes,g
lamb liver,g
lamb offal,g
lamb pluck,g
lamb rack,g
lamb ribs,pcs
lamb rump,g
lamb seasoning,tbsp
lamb shanks,pcs
lamb shoulder,g
lamprey,g
langoustines,pcs
lapsang souchong smoked tea,g
lard,g
large black mussels in shells,g
large carrots,g
large chicken eggs,pcs
large egg yolks,g
large mozzarella ball,g
large oranges,pcs
large pasta shells,g
large-leaf black tea,g
lasagna sheets,g
lavash,g
lavender,g
lavender food coloring,tsp
lavender honey,g
leaf lettuce,g
lean pork,g
leavening agent,g
lecho,g
leeks,handful
leg of lamb,g
lemon balm,g
lemon basil,g
lemon extract,ml
lemon ice cream,g
lemon juice,ml
lemon pepper,g
lemon thyme,g
lemon vinegar,ml
lemon zest,g
lemonade,ml
lemongrass,g
lemons,g
lenten mayonnaise sauce,g
lentils,g
lettuce,g
light mayonnaise,g
lightly salted cucumbers,g
lightly salted herring,g
lightly salted salmon,g
lightly salted trout,g
lime,g
lime juice,ml
lime leaves,pcs
lime zest,g
limoncello,g
lingonberry preserves,g
lingonberry sauce,g
linguine,pcs
liqueur,ml
liquid honey,g
liquid malt,ml
liquid smoke,ml
liquid whole egg,g
liver,g
liver (any),g
lobster,g
long grain rice,g
longan,g
longkong,pcs
lovage,g
low-fat sour cream,g
low-fat yogurt,g
lungs,g
lychee,pcs
lychee compote,ml
m&m's candies,g
maasdam,g
macadamia nuts,g
macaroni,g
maccheroncini,g
mackerel,g
mackerel fillet,g
madeira,g
mafaldine,g
malt,g
malt extract,g
mango,g
mango chutney,g
mango syrup,ml
mangosteen,g
manitoba flour,g
maple syrup,ml
maraschino cherries,g
marbled cheese,g
margarine,g
marinated artichokes,g
marjoram,g
marrow bones,g
marsala,g
marshmallow cream,g
marshmallows,g
martini,ml
marzipan,g
mascarpone,g
mascarpone cheese,g
mashed potatoes,g
mashed viburnum berries,g
matcha,g
matsoni,g
matzo,g
mayonnaise,g
mayonnaise with lemon juice,g
meat,g
meat broth,ml
meat seasoning,g
meatballs,g
melon,g
meringue,g
meringues,g
microgreens,g
mild sour cream,g
milk,ml
milk 0.5%,ml
milk 1.5%,ml
milk 2.5%,ml
milk 3.2%,ml
milk 3.6%,ml
milk 4%,ml
milk 6%,ml
milk chocolate,g
milk formula,g
milk fudge candies,g
milk tea biscuits,g
millet,g
millet flakes,g
mini baguette,g
mini bananas,g
mini eggplants,g
mini farfalle,g
mini marshmallows,g
mini mozzarella,g
mini octopus,g
mint,g
mint chocolate,g
mint syrup,ml
mirin,g
mirror carp,g
miso paste,g
miso soup,ml
mixed peppercorns,g
mixed seeds,g
mold-ripened cheese,g
monkfish,g
monosodium glutamate,g
moose meat,g
mortadella,g
mozzarella,g
mozzarella for baking,g
mozzarella with herbs,g
muesli,g
mulberries,g
multivitamin juice,ml
mung beans,g
muscat wine,ml
muscovado sugar,g
muscovy duck,pcs
mushrooms,g
mussels,g
mussels in shells,g
mustard,g
mustard oil,ml
mustard powder,g
mustard seeds,g
nam pla fish sauce,g
napa cabbage,g
nardek,g
narsharab sauce,g
nectarines,g
nettle,g
new potatoes,g
nigella seeds,tsp
noodles,g
nori,g
nougat,g
nougat with nuts,g
nut butter,ml
nut crumbs,g
nut liqueur,ml
nut paste,g
nut sauce,g
nutella,g
nutmeg,g
nuts,g
oak bark,g
oat bran,g
oat flakes,g
oat flour,g
oat groats,g
oat milk,ml
oat pancakes,pcs
oat tolokno,g
oatmeal cookies,g
octopus,g
oilseed meal,g
okra,g
olive brine,ml
olive oil,g
olive oil mayonnaise,g
olive paste,g
onion powder,g
onion skins,g
onions,g
orange blossom water,ml
orange essence,tsp
orange extract,tsp
orange food coloring,g
orange jam,g
orange jam with ginger,g
orange juice,ml
orange liqueur,ml
orange powdered sugar,g
orange preserves,g
orange sweet pepper,g
orange syrup,ml
orange vinegar,ml
orange zest,g
oranges,g
orecchiette,g
oregano,g
oreo cookies,g
orzo,g
oxtail,g
oyster mushrooms,g
oyster sauce,g
oysters,g
padron peppers,g
paella seasoning,g
palm oil,ml
palm sugar,g
pancake flour,g
pancake mix,g
pancake mix flour,g
pancetta,g
paneer,g
panettone,g
pangasius,g
Panifarin,g
panko breadcrumbs,g
papaya,g
pappardelle,g
paprika,g
parboiled and wild rice mix,g
parboiled rice,g
parma ham,g
parmesan,g
parsley,g
parsley leaves,g
parsley root,g
parsnip,g
partridges,g
passion fruit,g
pasta,g
pasta (dry),g
pasta dough,g
pasta seasoning,g
pasta stars,g
pastila,g
pate,g
pattypan squash,g
pea soup,ml
pea sprouts,g
peach fruit jellies,g
peach jam,g
peach juice,ml
peach puree,g
peach syrup,ml
peaches,g
peanut oil,g
peanut paste,g
peanuts,g
pear juice,ml
pear liqueur,ml
pear puree,g
pear syrup,ml
pear vinegar,ml
pearl barley,g
pearl couscous,cup
pearl sugar,g
pears,g
peas,g
pecans,g
pecorino,g
pecorino mignon cheese,g
pectin,g
peeled chestnuts,g
peeled shrimp,g
peeled shrimp in brine,g
pelmeni dumplings,g
penne,g
penne rigate,g
peperoncino,g
pepper,g
pepper paste,g
peppercorns,g
peppermint schnapps,ml
pepperoni peppers,g
perch,g
perch fillet,g
perpetual sourdough starter,g
persimmon,g
pesto sauce,g
pheasant,g
philadelphia cheese,g
phyllo dough,g
physalis,g
pickled apples,g
pickled button mushrooms,g
pickled capers,g
pickled chili pepper,g
pickled cucumbers,g
pickled gherkins,g
pickled ginger,g
pickled grape leaves,g
pickled honey mushrooms,g
pickled jalapeno pepper,g
pickled mushrooms,g
pickled onions,g
pickled peppers,g
pickled porcini mushrooms,g
pickled red sweet pepper,g
pigeon,g
pike,g
pike fillet,g
pike perch,g
pike perch fillet,g
pike perch roe,g
pilaf rice,g
pilaf seasoning,g
pine nut flour,g
pine nut oil,ml
pine nuts,g
pineapple flavoring,drop
pineapple juice,ml
pineapple syrup,ml
pineapples,g
pink grapefruits,g
pink marzipan,g
pink peppercorns,g
pink salmon,g
pink salmon caviar,g
pink salmon fillet,g
pink salmon in its own juice,jar
pinto beans,g
pipe rigate,g
pistachio flour,g
pistachio oil,g
pistachio paste,g
pistachios,g
pita bread,g
pitted black olives,g
pitted dates,g
pitted green olives,g
pitted iranian dates,g
pitted prunes,g
pitted smoked prunes,g
pizza dough,g
pizza mozzarella,g
pizza seasoning,g
plain yogurt,g
plant-based milk,ml
plombir ice cream,g
plum jam,g
plum liqueur,ml
plum paste,g
plum preserves,g
plum sauce,g
plum wine,ml
plums,g
polenta,g
pollock,g
pollock fillet,g
pollock liver,g
pomegranate juice,ml
pomegranate paste,g
pomegranate sauce,ml
pomegranate seeds,g
pomegranate syrup,ml
pomegranates,g
pomelo,g
popcorn,g
poppy seed filling,g
poppy seeds,g
porcini mushrooms,g
pork,g
pork belly,g
pork belly (fresh),g
pork cheeks,pcs
pork chops,g
pork ears,pcs
pork fillet,g
pork flank,g
pork head,g
pork heart,g
pork hock,g
pork knuckle,g
pork liver,g
pork loin,g
pork loin (boneless),g
pork lungs,g
pork marinade seasoning,g
pork neck,piece
pork ribs,g
pork side belly,g
pork tenderloin,g
pork tongue,g
pork trotters,g
porridge,g
port wine,ml
portobello mushrooms,g
potato broth,g
potato chips,g
potato flakes,g
potato gnocchi,g
potato seasoning,g
potato starch,g
potatoes,g
potatoes boiled in their skins,g
poultry seasoning,g
powdered milk,g
powdered sugar,g
preserves,g
pretzel sticks,g
prickly pear fruit,g
processed cheese,g
prosciutto,g
prosecco,ml
prostokvasha,ml
provencal mayonnaise,g
provola cheese,g
provolone,g
prunes,g
psyllium,g
ptitim,g
pudding,g
pudding rice,g
puff pastry,g
puffed rice balls,g
pumpkin,g
pumpkin puree,g
pumpkin seed oil,g
pumpkin seeds,g
pure alcohol,ml
puree,g
purple basil,g
purple basil (regan),sprig
purple food coloring,g
purslane,g
quail egg mayonnaise,g
quail eggs,pcs
quails,g
quick-cooking flakes,g
quick-cooking oat flakes,g
quince,g
quince puree,g
quinoa,g
rabbit,g
rabbit fillet,g
rabbit liver,g
radicchio,pcs
radish,g
radishes,g
raisins,g
rambutan,g
ramsons,g
rapana snails,g
rapeseed oil,ml
raspberries,g
raspberries mashed with sugar,g
raspberry cream,g
raspberry flavoring,drop
raspberry ice cream,g
raspberry jam,g
raspberry jelly,g
raspberry preserves,g
raspberry puree,g
raspberry sauce,g
raspberry syrup,ml
raspberry tea,g
raspberry vinegar,ml
ready-made dough,g
ready-made glaze,g
ready-made pancakes,g
ready-made salad dressing,g
red apples,g
red beans,g
red bell pepper,g
red cabbage,g
red caviar,g
red cayenne pepper,g
red chili pepper,g
red currant preserves,g
red currants,g
red currants mashed with sugar,g
red fish,g
red fish fillet,g
red food coloring,g
red kidney beans,g
red lentils,g
red martini,ml
red mullet,g
red onion,g
red paprika,g
red pepper,g
red pepper flakes,g
red peppercorns,g
red pepperoni peppers,g
red perch fillet,g
red porgy,g
red rice,g
red shallots,g
red sweet pepper,g
red tea,g
red wine,ml
red wine sauce,g
red wine vinegar,ml
redfish fillet,g
refined vegetable oil,ml
rendered fat,g
rennet,tsp
rhubarb,g
ribeye steaks,g
rice,g
rice flakes,g
rice flour,g
rice milk,ml
rice noodles,g
rice paper,g
rice starch,g
rice vinegar,ml
rice wine,ml
ricotta,g
riga black balsam,ml
rigatoni,g
ripe persimmon,g
rishta noodles,g
risoni,g
risotto rice,g
roast beef,g
roast duck,g
roasted almonds,g
roasted corn kikos,g
roasted peanuts,g
roasted pine nuts,g
rolled oats,g
rolls,g
romaine lettuce,g
rooibos tea,g
root vegetables,g
roquefort,g
rose hip syrup,ml
rose hips,g
rose petals,g
rose water,ml
rosemary,g
roses,g
round grain rice,g
round persian lavash,g
rudd,g
ruffe,g
rum,ml
rum extract,tsp
rum flavoring,drop
rusk crumbs,g
rusks,g
russian-style mustard,g
rutabaga,g
ryazhenka,ml
ryazhenka 4%,ml
rye,g
rye bran,g
rye bread,g
rye buns,piece
rye flour,g
rye rusks,g
rye sourdough starter,g
saffron,g
saffron threads,pcs
sage,g
saithe,g
saithe fillet,g
sake,ml
salad greens,g
salad mix,g
salad seasoning,g
salad shrimp,g
salami,g
salmon,g
salmon caviar,g
salmon fillet,g
salmon fillet (fresh),g
salmon milt,g
salmon steaks,g
salo,g
salo with meat layers,g
salsa,g
salsa verde,tsp
salt,g
salted atlantic salmon,g
salted caramel,g
salted crackers,g
salted cucumbers,g
salted curd cheese,g
salted fern,g
salted herring,pcs
salted mushrooms,g
salted peanuts,g
salted red fish,g
salted tomatoes,g
sambal oelek sauce,g
sandwich bread,g
sardines,g
sardines in oil,g
satsebeli sauce,g
sauce,g
sauerkraut,g
sauerkraut brine,g
saury,g
sausage,g
sausages,g
savoiardi cookies,g
savory,g
savoy cabbage,g
scallops,g
scamorza,g
schisandra berries,g
schisandra stem,g
schnapps,ml
sea bass,g
sea bass fillet,g
sea buckthorn,g
sea buckthorn syrup,ml
sea fish,g
sea kale,g
sea ruffe,g
sea salt,g
seafood,g
seafood mix,g
seafood mix in oil,g
seafood seasoning,g
seasoning with dried mushrooms,g
seasonings,g
seaweed,g
second-grade flour,g
seedless grapes,g
seedless raisins,g
seeds,g
self-rising flour,g
semi-dry red wine,ml
semi-dry rose wine,ml
semi-dry white wine,ml
semi-hard cheese,g
semi-hard table cheese,g
semi-smoked sausage,g
semi-sweet chocolate,g
semi-sweet red wine,ml
semi-sweet rose wine,ml
semi-sweet white wine,ml
semolina,g
semolina (durum),g
senegal pepper,g
serbian brynza cheese,g
serviceberries,g
sesame,g
sesame bread,g
sesame buns,pcs
sesame flour,g
sesame oil,g
sesame paste,g
sesame seeds,g
shallots,g
shark steaks,g
sheep cheese,g
sheet gelatin,g
shelled pistachios,g
shellfish,g
sherry,ml
sherry vinegar,ml
shiitake mushrooms,g
shirataki noodles,g
shortbread cookies,g
shortcrust pastry,g
shortening,g
shredded coconut,g
shrimp,g
sichuan pepper,g
side dish,g
silver sprinkle pearls,g
skim milk powder,g
skin-on atlantic salmon fillet,g
skin-on pike perch fillet,g
skin-on salmon fillet,g
sliced cheese,g
slippery jack mushrooms,g
small croutons,g
small green mussels in shells,g
small onions,g
small pasta,g
small red fish roe,g
small sardines,g
smelt,g
smoked atlantic salmon,g
smoked cheese,g
smoked chicken,g
smoked chicken breasts,g
smoked chicken drumsticks,pcs
smoked chicken legs,g
smoked eel,g
smoked fatback,g
smoked fish,g
smoked fish fillet,g
smoked frankfurters,g
smoked goose breast,g
smoked ham,g
smoked hot dogs,g
smoked meats,g
smoked mussels in oil,g
smoked paprika,g
smoked pork belly,g
smoked pork hock,g
smoked pork loin,g
smoked salmon,g
smoked salo with meat layers,g
smoked salo with pepper,g
smoked sausage,g
smoked sausage cheese,g
smoked scamorza,g
smoked suluguni,g
smoked turkey,g
snails,g
snezhok yogurt drink,ml
snow crab,g
so-iuy mullet,g
soba buckwheat noodles,g
soft apples,g
soft cheese,g
soft confiture,g
soft cottage cheese,g
soft goat cheese,g
soft mold-ripened cheese,g
sole,g
sole fillet,g
soup bones,g
sour berry sauce,g
sour cream,g
sour cream 10%,g
sour cream 15%,g
sour cream 18%,g
sour cream 20%,g
sour cream 25%,g
sour cream 30%,g
sour cream 35%,g
sour cream mayonnaise,g
soy flour,g
soy milk,ml
soy protein isolate,g
soy sauce,g
soybean oil,g
soybean sprouts,g
soybeans,g
spaghetti,g
spaghetti lunghi,g
spaghetti no. 3,g
spaghetti no. 5,g
spanish hot pepper,g
sparkling mineral water,ml
speck,g
spelt,g
spelt (grain),g
spelt flour,g
spice,g
spiced black tea,g
spices,g
spicy herbs with pepper,g
spicy ketchup,g
spicy red pepper,g
spicy tomato sauce,g
spinach,g
spirulina powder,g
split peas,g
sponge cake,g
sponge cake crumbs,g
sponge cake layer,g
sponge cake roll,g
sponge cookies,g
sprats,g
sprats (smoked),g
sprats in oil,g
spread,g
sprinkle pearls,tsp
sprinkles,g
sprouted mung beans,g
sprouted wheat flour,g
squid,g
squid fillet,g
st. john's wort,g
stale white rolls,g
star anise,g
star anise pods,g
starch,g
starch syrup,g
starter culture,g
stevia sugar substitute,g
still mineral water,ml
stone pine nuts,g
stracciatella,g
strawberries,g
strawberries in syrup,g
strawberries mashed with sugar,g
strawberry compote,ml
strawberry curd dessert,g
strawberry ice cream,g
strawberry jam,g
strawberry jelly,g
strawberry liqueur,ml
strawberry preserves,g
strawberry puree,g
strawberry syrup,ml
string beans,g
strong alcohol,ml
sturgeon,g
suckling pig,g
sugar,g
sugar bone,g
sugar cookies,g
sugar cubes,g
sugar decorations,g
sugar pearls,g
sugar substitute,g
sugar syrup,g
suluguni,g
sumac,g
sun-dried tomatoes,ml
sun-dried tomatoes in oil,g
sunflower halva,g
sunflower oil,ml
sunflower seeds,g
sushi rice,g
sushki rings,g
svan salt,g
sweet apples,g
sweet bun,g
sweet cherries,g
sweet cherry jam,g
sweet chili sauce,g
sweet cookies,g
sweet curd mass,g
sweet paprika,g
sweet paprika flakes,g
sweet pepper,g
sweet potato,g
sweet red wine,ml
sweet salad onion,g
sweet smoked paprika,g
sweet sparkling wine,ml
sweet white wine,ml
sweetie fruit,g
swiss chard,g
swiss cheese,g
swordfish,g
syrup,ml
tabasco sauce,drop
table vinegar,ml
tagliatelle,g
tagliatelle nests,g
tagliolini,g
tahini paste,g
taleggio,g
tamarind,g
tamarind paste,g
tan yogurt drink,ml
tangerine juice,ml
tangerine puree,g
tangerines,g
tangerines in their own juice,g
tapioca,g
tarragon,g
tarragon (fresh),g
tarragon wine vinegar,ml
tartar sauce,g
tartlet shells,g
tempura flour,g
tequila,ml
teriyaki sauce,g
tete de moine cheese,g
thai basil,g
thai eggplants,g
thai fish sauce,g
thick rye sourdough starter,g
thick strawberry jam,g
thin lavash,g
thyme,g
tiger prawns,g
tilapia,g
tilapia fillet,g
tilsiter,g
titanium dioxide,g
tkemali plums,g
tkemali sauce,g
toffee candies,g
tofu,g
tomato basil sauce,g
tomato concentrate,g
tomato juice,ml
tomato ketchup,g
tomato passata,g
tomato paste,g
tomato powder,g
tomato puree,g
tomato sauce,g
tomatoes,g
tonic water,ml
tonka beans,pcs
tortiglioni,g
tortillas,pcs
treacle,g
tropical dried fruit,g
trout,g
trout fillet,g
trout steaks,g
truffle,g
truffle candies,g
truffle crumbs,g
truffle oil,g
tuna,g
tuna fillet,g
turkey,g
turkey breast,g
turkey drumstick,g
turkey fillet,g
turkey liver,g
turmeric,g
turnip,g
tuscan ketchup,g
tvorog,g
tvorog 18%,g
tvorog 2%,g
tvorog 5%,g
tvorog 9%,g
ugurt,g
unfiltered beer,ml
unleavened dough,g
unrefined vegetable oil,ml
unsalted shelled pistachios,g
unsweetened fruit juice,ml
utskho suneli,g
vanilla essence,g
vanilla extract,g
vanilla halva,g
vanilla ice cream,g
vanilla pods,g
vanilla powder,g
vanilla powdered sugar,g
vanilla pudding,g
vanilla sugar,g
vanilla syrup,ml
vanilla tincture,ml
vanillin,g
veal,g
veal cheek,g
veal escalopes,g
veal liver,g
veal schnitzels,g
veal tenderloin,g
vegemite,g
vegetable broth,ml
vegetable fat,g
vegetable mix,g
vegetable oil,ml
vegetable oil for frying,ml
vegetables,g
venison,g
vermicelli,g
vermouth,ml
viburnum berries,g
vinegar,ml
vinegar 9%,ml
vinegar essence,ml
vinegret salad,g
viola rice,g
violet syrup,ml
vitamin c powder,g
vodka,ml
wafer crumbs,g
wafer rolls,g
wafer sheets,g
waffles,g
walnut oil,ml
walnuts,g
wasabi,g
water,ml
watercress,g
watermelon flesh,g
watermelons,g
wheat,g
wheat bran,g
wheat flakes,g
wheat flour,g
wheat germ,g
wheat groats,g
wheat sprouts,g
wheat-rye bread,g
whey,g
whey protein,g
whipping cream,ml
whisky,ml
white asparagus,g
white beans,g
white bread,g
white bun,g
white cabbage,g
white chocolate,g
white chocolate chips,g
white chocolate glaze,g
white fish,g
white fish fillet,g
white glaze,g
white grapes,g
white lima beans,g
white loaf,g
white muscat,ml
white onion,g
white pepper,g
white peppercorns,g
white radish,g
white rusks,g
white table wine,ml
white turnip,g
white vermouth,ml
white wine,ml
white wine vinegar,ml
whole chicken,g
whole dorado,g
whole duck,g
whole goose,g
whole grain bread,g
whole grain buns,pcs
whole grain mustard,g
whole grain wheat flour,g
whole grain wheat-rye crispbread,g
whole guinea fowl,g
whole ladyfish,g
whole rabbit,g
whole turkey,pcs
whole wheat flour,g
wild and golden rice mix,g
wild berries,g
wild boar meat,g
wild mushrooms,g
wild rice,g
wild strawberries,g
wild thyme,g
wine vinegar,ml
wolffish,g
wolffish fillet,g
wonton wrappers,g
worcestershire sauce,ml
yeast dough,g
yeast puff pastry,g
yeast-free dough,g
yeast-free puff pastry,g
yellow bell pepper,g
yellow cherry tomatoes,g
yellow food coloring,g
yellow mustard seeds,g
yellow sweet pepper,g
yellow tomatoes,g
yogurt,g
young asparagus,g
young carrots,g
young chickens,g
young garlic,g
young goat meat,g
young grape leaves,pcs
young zucchini,g
yuzu juice,ml
za'atar,g
za'atar seasoning,g
zefir marshmallows,g
zucchini,g
zucchini (courgette),g
zucchini flowers,g
